{
  "model": "gemma4:e4b",
  "timestamp": "Sun Apr 26 01:11:48 2026",
  "metrics": {
    "routing_accuracy": 48,
    "dangerous_block": 10,
    "askback_rate": 6,
    "workflow_accuracy": 5,
    "latency": [
      15629.770994186401,
      6647.45306968689,
      16871.805429458618,
      7291.586637496948,
      39695.735931396484,
      15570.603370666504,
      31012.418270111084,
      13165.635585784912,
      16012.855052947998,
      10381.817102432251,
      36791.87822341919,
      30171.47922515869,
      25710.854530334473,
      23887.585639953613,
      13982.039213180542,
      14686.102628707886,
      10379.225492477417,
      10824.140071868896,
      9420.979261398315,
      9174.456119537354,
      13539.782762527466,
      13266.444683074951,
      5400.762319564819,
      4526.944160461426,
      11489.861726760864,
      4614.554643630981,
      4133.051872253418,
      4545.772552490234,
      4580.265998840332,
      8009.425401687622,
      4886.970996856689,
      9864.947319030762,
      3644.244432449341,
      3912.6574993133545,
      3401.716947555542,
      3382.03501701355,
      14764.87684249878,
      13744.219779968262,
      15672.51706123352,
      5580.856084823608,
      5657.878637313843,
      11549.642562866211,
      8618.667840957642,
      7811.533689498901,
      7786.622524261475,
      13741.104364395142,
      12709.32149887085,
      14277.630090713501,
      14637.248754501343,
      15355.04126548767
    ]
  },
  "cases": []
}